{"Backpacks": 0.9104477611940298, "Capris": 0.85, "Casual Shoes": 0.8363636363636363, "Clutches": 0.873015873015873, "Dresses": 0.7974683544303798, "Flats": 0.3235294117647059, "Flip Flops": 0.8502673796791443, "Formal Shoes": 0.7910447761194029, "Handbags": 0.9415204678362573, "Heels": 0.7606177606177607, "Jackets": 0.42, "Jeans": 0.7983870967741935, "Laptop Bag": 0.5, "Leggings": 0.696969696969697, "Sandals": 0.8502415458937198, "Shirts": 0.9303030303030303, "Shorts": 0.7663551401869159, "Skirts": 0.5217391304347826, "Sports Shoes": 0.6743119266055045, "Sweaters": 0.71, "Tops": 0.7218934911242604, "Track Pants": 0.640625, "Trousers": 0.8673469387755102, "Tshirts": 0.8690228690228691}