{"Backpacks": 0.9626865671641791, "Capris": 0.725, "Casual Shoes": 0.8345454545454546, "Clutches": 0.9206349206349206, "Dresses": 0.6835443037974683, "Flats": 0.08823529411764706, "Flip Flops": 0.9090909090909091, "Formal Shoes": 0.9402985074626866, "Handbags": 0.9590643274853801, "Heels": 0.8146718146718147, "Jackets": 0.5, "Jeans": 0.7983870967741935, "Laptop Bag": 0.14285714285714285, "Leggings": 0.6060606060606061, "Sandals": 0.6376811594202898, "Shirts": 0.9727272727272728, "Shorts": 0.8598130841121495, "Skirts": 0.6521739130434783, "Sports Shoes": 0.6628440366972477, "Sweaters": 0.61, "Tops": 0.5680473372781065, "Track Pants": 0.828125, "Trousers": 0.7142857142857143, "Tshirts": 0.9029799029799029}