{"Backpacks": 0.9253731343283582, "Capris": 0.525, "Casual Shoes": 0.8581818181818182, "Clutches": 0.9682539682539683, "Dresses": 0.7848101265822784, "Flats": 0.17647058823529413, "Flip Flops": 0.8074866310160428, "Formal Shoes": 0.8656716417910447, "Handbags": 0.827485380116959, "Heels": 0.8108108108108109, "Jackets": 0.46, "Jeans": 0.5887096774193549, "Laptop Bag": 0.8571428571428571, "Leggings": 0.6363636363636364, "Sandals": 0.7053140096618358, "Shirts": 0.953030303030303, "Shorts": 0.8691588785046729, "Skirts": 0.4782608695652174, "Sports Shoes": 0.6238532110091743, "Sweaters": 0.52, "Tops": 0.7071005917159763, "Track Pants": 0.671875, "Trousers": 0.9591836734693877, "Tshirts": 0.8953568953568953}