{"Bags": 0.9566003616636528, "Bottomwear": 0.9754601226993865, "Dress": 0.7088607594936709, "Shoes": 0.9973333333333333, "Topwear": 0.9930528753377075}