{"Bags": 0.972875226039783, "Bottomwear": 0.9754601226993865, "Dress": 0.6329113924050633, "Shoes": 0.9962666666666666, "Topwear": 0.9907371671169433}