{"Bags": 0.9891500904159132, "Bottomwear": 0.9856850715746421, "Dress": 0.7215189873417721, "Shoes": 0.9946666666666667, "Topwear": 0.9834040910845233}